item_id,language,form,item_kind,category,item_definition,english_gloss,uni_lemma,is_animate,is_small,is_big,is_bodypart,is_place,lexical_category,complexity_category,sense,alternative_forms,multiword,AoA
item_100,English (American),WS,word,food_drink,chicken,chicken,chicken,1,0,0,0,0,nouns,,food,,no,23
item_101,English (American),WS,word,food_drink,chocolate,chocolate,chocolate,0,1,0,0,0,nouns,,,,no,25
item_102,English (American),WS,word,food_drink,coffee,coffee,coffee,0,1,0,0,0,nouns,,,,no,26
item_103,English (American),WS,word,food_drink,coke,coke,coke,0,1,0,0,0,nouns,,,,no,30
item_104,English (American),WS,word,food_drink,cookie,cookie,cookie,0,1,0,0,0,nouns,,,,no,19
item_105,English (American),WS,word,food_drink,corn,corn,corn,0,1,0,0,0,nouns,,,,no,25
item_106,English (American),WS,word,food_drink,cracker,cracker,cracker,0,1,0,0,0,nouns,,,,no,21
item_107,English (American),WS,word,food_drink,donut,donut,pastry,0,1,0,0,0,nouns,,,,no,27
item_108,English (American),WS,word,food_drink,drink,drink,drink,0,1,0,0,0,nouns,,beverage,,no,23
item_109,English (American),WS,word,food_drink,egg,egg,egg,0,1,0,0,0,nouns,,,,no,23
item_110,English (American),WS,word,food_drink,fish,fish,fish,1,0,0,0,0,nouns,,food,,no,24
item_111,English (American),WS,word,food_drink,food,food,food,0,1,0,0,0,nouns,,,,no,24
item_113,English (American),WS,word,food_drink,grapes,grapes,grapes,0,1,0,0,0,nouns,,,,no,23
item_115,English (American),WS,word,food_drink,gum,gum,gum,0,1,0,0,0,nouns,,,,no,29
item_116,English (American),WS,word,food_drink,hamburger,hamburger,hamburger,0,1,0,0,0,nouns,,,,no,26
item_117,English (American),WS,word,food_drink,ice,ice,ice,0,1,0,0,0,nouns,,,,no,24
item_119,English (American),WS,word,food_drink,jello,jello,jello,0,1,0,0,0,nouns,,,,no,29
item_120,English (American),WS,word,food_drink,jelly,jelly,jelly,0,1,0,0,0,nouns,,,,no,28
item_121,English (American),WS,word,food_drink,juice,juice,juice,0,1,0,0,0,nouns,,,,no,20
item_122,English (American),WS,word,food_drink,lollipop,lollipop,lollipop,0,1,0,0,0,nouns,,,,no,28
item_123,English (American),WS,word,food_drink,meat,meat,meat,0,1,0,0,0,nouns,,,,no,27
item_124,English (American),WS,word,food_drink,melon,melon,melon,0,1,0,0,0,nouns,,,,no,29
item_125,English (American),WS,word,food_drink,milk,milk,milk,0,1,0,0,0,nouns,,,,no,19
item_126,English (American),WS,word,food_drink,muffin,muffin,muffin,0,1,0,0,0,nouns,,,,no,27
item_127,English (American),WS,word,food_drink,noodles,noodles,pasta,0,1,0,0,0,nouns,,,,no,25
item_128,English (American),WS,word,food_drink,nuts,nuts,nut,0,1,0,0,0,nouns,,,,no,28
item_129,English (American),WS,word,food_drink,orange,orange,orange,0,1,0,0,0,nouns,,food,,no,23
item_13,English (American),WS,word,animals,alligator,alligator,alligator,1,0,0,0,0,nouns,,,,no,26
item_130,English (American),WS,word,food_drink,pancake,pancake,pancake,0,1,0,0,0,nouns,,,,no,25
item_131,English (American),WS,word,food_drink,peas,peas,peas,0,1,0,0,0,nouns,,,,no,26
item_133,English (American),WS,word,food_drink,pickle,pickle,pickle,0,1,0,0,0,nouns,,,,no,27
item_134,English (American),WS,word,food_drink,pizza,pizza,pizza,0,1,0,0,0,nouns,,,,no,22
item_135,English (American),WS,word,food_drink,popcorn,popcorn,popcorn,0,1,0,0,0,nouns,,,,no,25
item_136,English (American),WS,word,food_drink,popsicle,popsicle,popsicle,0,1,0,0,0,nouns,,,,no,26
item_137,English (American),WS,word,food_drink,potato chip,potato chip,chips,0,1,0,0,0,nouns,,,,yes,25
item_138,English (American),WS,word,food_drink,potato,potato,potato,0,1,0,0,0,nouns,,,,no,26
item_139,English (American),WS,word,food_drink,pretzel,pretzel,pretzel,0,1,0,0,0,nouns,,,,no,27
item_14,English (American),WS,word,animals,animal,animal,animal,1,0,0,0,0,nouns,,,,no,25
item_140,English (American),WS,word,food_drink,pudding,pudding,pudding,0,1,0,0,0,nouns,,,,no,30
item_141,English (American),WS,word,food_drink,pumpkin,pumpkin,pumpkin,0,1,0,0,0,nouns,,,,no,26
item_142,English (American),WS,word,food_drink,raisin,raisin,raisin,0,1,0,0,0,nouns,,,,no,26
item_143,English (American),WS,word,food_drink,salt,salt,salt,0,1,0,0,0,nouns,,,,no,29
item_144,English (American),WS,word,food_drink,sandwich,sandwich,sandwich,0,1,0,0,0,nouns,,,,no,25
item_145,English (American),WS,word,food_drink,sauce,sauce,sauce,0,1,0,0,0,nouns,,,,no,28
item_146,English (American),WS,word,food_drink,soda,soda,soda,0,1,0,0,0,nouns,,,pop,no,28
item_147,English (American),WS,word,food_drink,soup,soup,soup,0,1,0,0,0,nouns,,,,no,26
item_148,English (American),WS,word,food_drink,spaghetti,spaghetti,pasta,0,1,0,0,0,nouns,,,,no,25
item_149,English (American),WS,word,food_drink,strawberry,strawberry,strawberry,0,1,0,0,0,nouns,,,,no,24
item_15,English (American),WS,word,animals,ant,ant,ant,1,0,0,0,0,nouns,,,,no,26
item_150,English (American),WS,word,food_drink,toast,toast,toast,0,1,0,0,0,nouns,,,,no,25
item_151,English (American),WS,word,food_drink,tuna,tuna,tuna,1,0,0,0,0,nouns,,,,no,
item_152,English (American),WS,word,food_drink,vanilla,vanilla,vanilla,0,1,0,0,0,nouns,,,,no,
item_153,English (American),WS,word,food_drink,vitamins,vitamins,vitamin,0,1,0,0,0,nouns,,,,no,28
item_154,English (American),WS,word,food_drink,water,water,water,0,0,0,0,0,nouns,,beverage,,no,20
item_155,English (American),WS,word,food_drink,yogurt,yogurt,yogurt,0,1,0,0,0,nouns,,,,no,24
item_156,English (American),WS,word,clothing,beads,beads,beads,0,1,0,0,0,nouns,,,,no,
item_157,English (American),WS,word,clothing,belt,belt,belt,0,1,0,0,0,nouns,,,,no,27
item_158,English (American),WS,word,clothing,bib,bib,bib,0,1,0,0,0,nouns,,,,no,25
item_159,English (American),WS,word,clothing,boots,boots,boots,0,1,0,0,0,nouns,,,,no,23
item_16,English (American),WS,word,animals,bear,bear,bear,1,0,0,0,0,nouns,,,,no,20
item_160,English (American),WS,word,clothing,button,button,button,0,1,0,0,0,nouns,,,,no,24
item_161,English (American),WS,word,clothing,coat,coat,coat,0,1,0,0,0,nouns,,,,no,24
item_162,English (American),WS,word,clothing,diaper,diaper,diaper,0,1,0,0,0,nouns,,,,no,20
item_163,English (American),WS,word,clothing,dress,dress,dress,0,1,0,0,0,nouns,,object,,no,26
item_164,English (American),WS,word,clothing,gloves,gloves,glove,0,1,0,0,0,nouns,,,,no,27
item_165,English (American),WS,word,clothing,hat,hat,hat,0,1,0,0,0,nouns,,,,no,19
item_166,English (American),WS,word,clothing,jacket,jacket,jacket,0,1,0,0,0,nouns,,,,no,24
item_167,English (American),WS,word,clothing,jeans,jeans,jeans,0,1,0,0,0,nouns,,,,no,28
item_168,English (American),WS,word,clothing,mittens,mittens,mitten,0,1,0,0,0,nouns,,,,no,28
item_169,English (American),WS,word,clothing,necklace,necklace,necklace,0,1,0,0,0,nouns,,,,no,27
item_17,English (American),WS,word,animals,bee,bee,bee,1,0,0,0,0,nouns,,,,no,22
item_170,English (American),WS,word,clothing,pajamas,pajamas,pajamas,0,1,0,0,0,nouns,,,,no,24
item_171,English (American),WS,word,clothing,pants,pants,pants,0,1,0,0,0,nouns,,,,no,23
item_172,English (American),WS,word,clothing,scarf,scarf,scarf,0,1,0,0,0,nouns,,,,no,
item_173,English (American),WS,word,clothing,shirt,shirt,shirt,0,1,0,0,0,nouns,,,,no,23
item_174,English (American),WS,word,clothing,shoe,shoe,shoe,0,1,0,0,0,nouns,,,,no,17
item_175,English (American),WS,word,clothing,shorts,shorts,shorts,0,1,0,0,0,nouns,,,,no,26
item_176,English (American),WS,word,clothing,slipper,slipper,slipper,0,1,0,0,0,nouns,,,,no,27
item_177,English (American),WS,word,clothing,sneaker,sneaker,sneaker,0,1,0,0,0,nouns,,,,no,30
item_178,English (American),WS,word,clothing,snowsuit,snowsuit,snowsuit,0,1,0,0,0,nouns,,,,no,
item_179,English (American),WS,word,clothing,sock,sock,sock,0,1,0,0,0,nouns,,,,no,21
item_18,English (American),WS,word,animals,bird,bird,bird,1,0,0,0,0,nouns,,,,no,18
item_180,English (American),WS,word,clothing,sweater,sweater,sweater,0,1,0,0,0,nouns,,,,no,26
item_181,English (American),WS,word,clothing,tights,tights,tights,0,1,0,0,0,nouns,,,,no,
item_182,English (American),WS,word,clothing,underpants,underpants,underpants,0,1,0,0,0,nouns,,,,no,28
item_183,English (American),WS,word,clothing,zipper,zipper,zipper,0,1,0,0,0,nouns,,,,no,26
item_184,English (American),WS,word,body_parts,ankle,ankle,ankle,0,0,0,1,0,nouns,,,,no,30
item_185,English (American),WS,word,body_parts,arm,arm,arm,0,0,0,1,0,nouns,,,,no,23
item_187,English (American),WS,word,body_parts,buttocks,buttocks,butt,0,0,0,1,0,nouns,,,bottom,no,23
item_188,English (American),WS,word,body_parts,cheek,cheek,cheek,0,0,0,1,0,nouns,,,,no,24
item_189,English (American),WS,word,body_parts,chin,chin,chin,0,0,0,1,0,nouns,,,,no,25
item_19,English (American),WS,word,animals,bug,bug,bug,1,0,0,0,0,nouns,,,,no,23
item_190,English (American),WS,word,body_parts,ear,ear,ear,0,0,0,1,0,nouns,,,,no,19
item_191,English (American),WS,word,body_parts,eye,eye,eye,0,0,0,1,0,nouns,,,,no,18
item_192,English (American),WS,word,body_parts,face,face,face,0,0,0,1,0,nouns,,,,no,24
item_193,English (American),WS,word,body_parts,finger,finger,finger,0,0,0,1,0,nouns,,,,no,23
item_194,English (American),WS,word,body_parts,foot,foot,foot,0,0,0,1,0,nouns,,,,no,22
item_195,English (American),WS,word,body_parts,hair,hair,hair,0,0,0,1,0,nouns,,,,no,21
item_196,English (American),WS,word,body_parts,hand,hand,hand,0,0,0,1,0,nouns,,,,no,22
item_197,English (American),WS,word,body_parts,head,head,head,0,0,0,1,0,nouns,,,,no,22
item_198,English (American),WS,word,body_parts,knee,knee,knee,0,0,0,1,0,nouns,,,,no,24
item_199,English (American),WS,word,body_parts,leg,leg,leg,0,0,0,1,0,nouns,,,,no,24
item_20,English (American),WS,word,animals,bunny,bunny,bunny,1,0,0,0,0,nouns,,,,no,22
item_200,English (American),WS,word,body_parts,lips,lips,lip,0,0,0,1,0,nouns,,,,no,26
item_201,English (American),WS,word,body_parts,mouth,mouth,mouth,0,0,0,1,0,nouns,,,,no,21
item_202,English (American),WS,word,body_parts,nose,nose,nose,0,0,0,1,0,nouns,,,,no,18
item_203,English (American),WS,word,body_parts,owie,owie,owie,0,0,0,0,0,nouns,,,boo boo,no,20
item_204,English (American),WS,word,body_parts,penis,penis,penis,0,0,0,1,0,nouns,,,,no,27
item_205,English (American),WS,word,body_parts,shoulder,shoulder,shoulder,0,0,0,1,0,nouns,,,,no,28
item_206,English (American),WS,word,body_parts,toe,toe,toe,0,0,0,1,0,nouns,,,,no,22
item_207,English (American),WS,word,body_parts,tongue,tongue,tongue,0,0,0,1,0,nouns,,,,no,24
item_208,English (American),WS,word,body_parts,tooth,tooth,tooth,0,0,0,1,0,nouns,,,,no,23
item_209,English (American),WS,word,body_parts,tummy,tummy,tummy,0,0,0,1,0,nouns,,,,no,22
item_21,English (American),WS,word,animals,butterfly,butterfly,butterfly,1,0,0,0,0,nouns,,,,no,24
item_210,English (American),WS,word,body_parts,vagina,vagina,vagina,0,0,0,1,0,nouns,,,,no,
item_211,English (American),WS,word,household,basket,basket,basket,0,1,0,0,0,nouns,,,,no,26
item_212,English (American),WS,word,household,blanket,blanket,blanket,0,1,0,0,0,nouns,,,,no,22
item_213,English (American),WS,word,household,bottle,bottle,bottle,0,1,0,0,0,nouns,,,,no,20
item_214,English (American),WS,word,household,bowl,bowl,bowl,0,1,0,0,0,nouns,,,,no,23
item_215,English (American),WS,word,household,box,box,box,0,1,0,0,0,nouns,,,,no,23
item_216,English (American),WS,word,household,broom,broom,broom,0,1,0,0,0,nouns,,,,no,25
item_217,English (American),WS,word,household,brush,brush,brush,0,1,0,0,0,nouns,,,,no,23
item_218,English (American),WS,word,household,bucket,bucket,bucket,0,1,0,0,0,nouns,,,,no,27
item_219,English (American),WS,word,household,camera,camera,camera,0,1,0,0,0,nouns,,,,no,27
item_22,English (American),WS,word,animals,cat,cat,cat,1,0,0,0,0,nouns,,,,no,18
item_220,English (American),WS,word,household,can,can,can,0,1,0,0,0,nouns,,object,,no,28
item_221,English (American),WS,word,household,clock,clock,clock,0,1,0,0,0,nouns,,,,no,25
item_222,English (American),WS,word,household,comb,comb,comb,0,1,0,0,0,nouns,,,,no,26
item_223,English (American),WS,word,household,cup,cup,cup,0,1,0,0,0,nouns,,,,no,21
item_224,English (American),WS,word,household,dish,dish,dish,0,1,0,0,0,nouns,,,,no,28
item_225,English (American),WS,word,household,fork,fork,fork,0,1,0,0,0,nouns,,,,no,23
item_226,English (American),WS,word,household,garbage,garbage,trash,0,1,0,0,0,nouns,,,,no,26
item_227,English (American),WS,word,household,glass,glass,glass,0,1,0,0,0,nouns,,,,no,27
item_228,English (American),WS,word,household,glasses,glasses,glasses,0,1,0,0,0,nouns,,,,no,25
item_229,English (American),WS,word,household,hammer,hammer,hammer,0,1,0,0,0,nouns,,,,no,27
item_23,English (American),WS,word,animals,chicken,chicken,chicken,1,0,0,0,0,nouns,,animal,,no,23
item_230,English (American),WS,word,household,jar,jar,jar,0,1,0,0,0,nouns,,,,no,30
item_231,English (American),WS,word,household,keys,keys,key,0,1,0,0,0,nouns,,,,no,22
item_232,English (American),WS,word,household,knife,knife,knife,0,1,0,0,0,nouns,,,,no,26
item_233,English (American),WS,word,household,lamp,lamp,lamp,0,0,1,0,0,nouns,,,,no,29
item_234,English (American),WS,word,household,light,light,light,0,0,0,0,0,nouns,,,,no,22
item_235,English (American),WS,word,household,medicine,medicine,medicine,0,1,0,0,0,nouns,,,,no,26
item_236,English (American),WS,word,household,money,money,money,0,1,0,0,0,nouns,,,,no,25
item_237,English (American),WS,word,household,mop,mop,mop,0,1,0,0,0,nouns,,,,no,30
item_238,English (American),WS,word,household,nail,nail,nail,0,1,0,0,0,nouns,,,,no,29
item_239,English (American),WS,word,household,napkin,napkin,napkin,0,1,0,0,0,nouns,,,,no,26
item_24,English (American),WS,word,animals,cow,cow,cow,1,0,0,0,0,nouns,,,,no,21
item_240,English (American),WS,word,household,paper,paper,paper,0,1,0,0,0,nouns,,,,no,24
item_241,English (American),WS,word,household,penny,penny,penny,0,1,0,0,0,nouns,,,,no,28
item_242,English (American),WS,word,household,picture,picture,picture,0,0,0,0,0,nouns,,,,no,25
item_243,English (American),WS,word,household,pillow,pillow,pillow,0,1,0,0,0,nouns,,,,no,23
item_244,English (American),WS,word,household,plant,plant,plant,0,1,0,0,0,nouns,,,,no,27
item_245,English (American),WS,word,household,plate,plate,plate,0,1,0,0,0,nouns,,,,no,25
item_246,English (American),WS,word,household,purse,purse,purse,0,1,0,0,0,nouns,,,,no,26
item_247,English (American),WS,word,household,radio,radio,radio,0,1,0,0,0,nouns,,,,no,28
item_248,English (American),WS,word,household,scissors,scissors,scissors,0,1,0,0,0,nouns,,,,no,26
item_249,English (American),WS,word,household,soap,soap,soap,0,1,0,0,0,nouns,,,,no,24
item_25,English (American),WS,word,animals,deer,deer,deer,1,0,0,0,0,nouns,,,,no,27
item_250,English (American),WS,word,household,spoon,spoon,spoon,0,1,0,0,0,nouns,,,,no,21
item_251,English (American),WS,word,household,tape,tape,tape,0,1,0,0,0,nouns,,,,no,27
item_252,English (American),WS,word,household,telephone,telephone,telephone,0,1,0,0,0,nouns,,,,no,22
item_253,English (American),WS,word,household,tissue,tissue,tissue,0,1,0,0,0,nouns,,,kleenex,no,26
item_254,English (American),WS,word,household,toothbrush,toothbrush,toothbrush,0,1,0,0,0,nouns,,,,no,23
item_255,English (American),WS,word,household,towel,towel,towel,0,1,0,0,0,nouns,,,,no,24
item_256,English (American),WS,word,household,trash,trash,trash,0,1,0,0,0,nouns,,,,no,25
item_257,English (American),WS,word,household,tray,tray,tray,0,1,0,0,0,nouns,,,,no,
item_258,English (American),WS,word,household,vacuum,vacuum,vacuum,0,1,0,0,0,nouns,,,,no,25
item_259,English (American),WS,word,household,walker,walker,walker,0,0,0,0,0,nouns,,,,no,
item_26,English (American),WS,word,animals,dog,dog,dog,1,0,0,0,0,nouns,,,,no,
item_260,English (American),WS,word,household,watch,watch,watch,0,1,0,0,0,nouns,,object,,no,26
item_261,English (American),WS,word,furniture_rooms,basement,basement,basement,0,0,1,0,1,nouns,,,,no,
item_262,English (American),WS,word,furniture_rooms,bathroom,bathroom,bathroom,0,0,1,0,1,nouns,,,,no,24
item_263,English (American),WS,word,furniture_rooms,bathtub,bathtub,bathtub,0,0,1,0,0,nouns,,,,no,23
item_264,English (American),WS,word,furniture_rooms,bed,bed,bed,0,0,1,0,0,nouns,,,,no,21
item_265,English (American),WS,word,furniture_rooms,bedroom,bedroom,bedroom,0,0,1,0,1,nouns,,,,no,26
item_266,English (American),WS,word,furniture_rooms,bench,bench,bench,0,0,1,0,0,nouns,,,,no,
item_267,English (American),WS,word,furniture_rooms,chair,chair,chair,0,0,1,0,0,nouns,,,,no,22
item_268,English (American),WS,word,furniture_rooms,closet,closet,closet,0,0,1,0,0,nouns,,,,no,27
item_269,English (American),WS,word,furniture_rooms,couch,couch,couch,0,0,1,0,0,nouns,,,,no,25
item_27,English (American),WS,word,animals,donkey,donkey,donkey,1,0,0,0,0,nouns,,,,no,29
item_270,English (American),WS,word,furniture_rooms,crib,crib,crib,0,0,1,0,0,nouns,,,,no,26
item_271,English (American),WS,word,furniture_rooms,door,door,door,0,0,1,0,0,nouns,,,,no,21
item_272,English (American),WS,word,furniture_rooms,drawer,drawer,drawer,0,0,1,0,0,nouns,,,,no,28
item_273,English (American),WS,word,furniture_rooms,dryer,dryer,dryer,0,0,1,0,0,nouns,,,,no,28
item_274,English (American),WS,word,furniture_rooms,garage,garage,garage,0,0,1,0,1,nouns,,,,no,27
item_276,English (American),WS,word,furniture_rooms,kitchen,kitchen,kitchen,0,0,1,0,1,nouns,,,,no,25
item_278,English (American),WS,word,furniture_rooms,oven,oven,oven,0,0,1,0,0,nouns,,,,no,27
item_28,English (American),WS,word,animals,duck,duck,duck,1,0,0,0,0,nouns,,,,no,18
item_280,English (American),WS,word,furniture_rooms,porch,porch,porch,0,0,1,0,1,nouns,,,,no,
item_281,English (American),WS,word,furniture_rooms,potty,potty,potty,0,0,1,0,0,nouns,,,,no,22
item_283,English (American),WS,word,furniture_rooms,refrigerator,refrigerator,refrigerator,0,0,1,0,0,nouns,,,,no,26
item_284,English (American),WS,word,furniture_rooms,room,room,room,0,0,1,0,1,nouns,,,,no,25
item_285,English (American),WS,word,furniture_rooms,shower,shower,shower,0,0,1,0,0,nouns,,,,no,25
item_286,English (American),WS,word,furniture_rooms,sink,sink,sink,0,0,1,0,0,nouns,,,,no,26
item_287,English (American),WS,word,furniture_rooms,sofa,sofa,couch,0,0,1,0,0,nouns,,,,no,30
item_288,English (American),WS,word,furniture_rooms,stairs,stairs,stairs,0,0,1,0,0,nouns,,,,no,25
item_289,English (American),WS,word,furniture_rooms,stove,stove,stove,0,0,1,0,0,nouns,,,,no,28
item_29,English (American),WS,word,animals,elephant,elephant,elephant,1,0,0,0,0,nouns,,,,no,23
item_290,English (American),WS,word,furniture_rooms,table,table,table,0,0,1,0,0,nouns,,,,no,24
item_291,English (American),WS,word,furniture_rooms,TV,TV,tv,0,0,1,0,0,nouns,,,,no,23
item_292,English (American),WS,word,furniture_rooms,window,window,window,0,0,1,0,0,nouns,,,,no,25
item_294,English (American),WS,word,outside,backyard,backyard,yard,0,0,1,0,1,nouns,,,,no,28
item_295,English (American),WS,word,outside,cloud,cloud,cloud,0,0,0,0,0,nouns,,,,no,26
item_296,English (American),WS,word,outside,flag,flag,flag,0,0,0,0,0,nouns,,,,no,27
item_297,English (American),WS,word,outside,flower,flower,flower,0,1,0,0,0,nouns,,,,no,22
item_298,English (American),WS,word,outside,garden,garden,garden,0,0,1,0,1,nouns,,,,no,29
item_299,English (American),WS,word,outside,grass,grass,grass,0,0,1,0,0,nouns,,,,no,24
item_30,English (American),WS,word,animals,fish,fish,fish,1,0,0,0,0,nouns,,animal,,no,20
item_300,English (American),WS,word,outside,hose,hose,hose,0,0,1,0,0,nouns,,,,no,28
item_301,English (American),WS,word,outside,ladder,ladder,ladder,0,0,1,0,0,nouns,,,,no,28
item_303,English (American),WS,word,outside,moon,moon,moon,0,0,1,0,0,nouns,,,,no,22
item_304,English (American),WS,word,outside,pool,pool,pool,0,0,1,0,1,nouns,,,,no,25
item_305,English (American),WS,word,outside,rain,rain,rain,0,0,1,0,0,nouns,,,,no,23
item_306,English (American),WS,word,outside,rock,rock,rock,0,1,0,0,0,nouns,,,,no,23
item_307,English (American),WS,word,outside,roof,roof,roof,0,0,1,0,0,nouns,,,,no,29
item_308,English (American),WS,word,outside,sandbox,sandbox,sandbox,0,1,0,0,0,nouns,,,,no,28
item_309,English (American),WS,word,outside,shovel,shovel,shovel,0,1,0,0,0,nouns,,,,no,27
item_31,English (American),WS,word,animals,frog,frog,frog,1,0,0,0,0,nouns,,,,no,23
item_310,English (American),WS,word,outside,sidewalk,sidewalk,sidewalk,0,0,1,0,1,nouns,,,,no,28
item_311,English (American),WS,word,outside,sky,sky,sky,0,0,1,0,0,nouns,,,,no,25
item_312,English (American),WS,word,outside,slide,slide,slide,0,0,1,0,0,nouns,,object,,no,24
item_313,English (American),WS,word,outside,snow,snow,snow,0,0,1,0,0,nouns,,,,no,25
item_314,English (American),WS,word,outside,snowman,snowman,snowman,0,0,1,0,0,nouns,,,,no,28
item_315,English (American),WS,word,outside,sprinkler,sprinkler,sprinkler,0,0,1,0,0,nouns,,,,no,29
item_316,English (American),WS,word,outside,star,star,star,0,0,1,0,0,nouns,,,,no,23
item_317,English (American),WS,word,outside,stick,stick,stick,0,1,0,0,0,nouns,,,,no,25
item_318,English (American),WS,word,outside,stone,stone,stone,0,1,0,0,0,nouns,,,,no,30
item_319,English (American),WS,word,outside,street,street,street,0,0,1,0,1,nouns,,,,no,26
item_32,English (American),WS,word,animals,giraffe,giraffe,giraffe,1,0,0,0,0,nouns,,,,no,25
item_320,English (American),WS,word,outside,sun,sun,sun,0,0,1,0,0,nouns,,,,no,23
item_321,English (American),WS,word,outside,swing,swing,swing,0,0,1,0,0,nouns,,object,,no,23
item_322,English (American),WS,word,outside,tree,tree,tree,0,0,1,0,0,nouns,,,,no,21
item_323,English (American),WS,word,outside,water,water,water,0,0,1,0,0,nouns,,not beverage,,no,21
item_324,English (American),WS,word,outside,wind,wind,wind,0,0,1,0,0,nouns,,,,no,27
item_33,English (American),WS,word,animals,goose,goose,goose,1,0,0,0,0,nouns,,,,no,28
item_34,English (American),WS,word,animals,hen,hen,hen,1,0,0,0,0,nouns,,,,no,
item_35,English (American),WS,word,animals,horse,horse,horse,1,0,0,0,0,nouns,,,,no,22
item_36,English (American),WS,word,animals,kitty,kitty,kitty,1,0,0,0,0,nouns,,,,no,19
item_37,English (American),WS,word,animals,lamb,lamb,lamb,1,0,0,0,0,nouns,,,,no,28
item_370,English (American),WS,word,people,person,person,person,1,0,0,0,0,other,,,,no,
item_38,English (American),WS,word,animals,lion,lion,lion,1,0,0,0,0,nouns,,,,no,24
item_39,English (American),WS,word,animals,monkey,monkey,monkey,1,0,0,0,0,nouns,,,,no,22
item_40,English (American),WS,word,animals,moose,moose,moose,1,0,0,0,0,nouns,,,,no,29
item_41,English (American),WS,word,animals,mouse,mouse,mouse,1,0,0,0,0,nouns,,,,no,24
item_42,English (American),WS,word,animals,owl,owl,owl,1,0,0,0,0,nouns,,,,no,24
item_43,English (American),WS,word,animals,penguin,penguin,penguin,1,0,0,0,0,nouns,,,,no,27
item_44,English (American),WS,word,animals,pig,pig,pig,1,0,0,0,0,nouns,,,,no,22
item_45,English (American),WS,word,animals,pony,pony,pony,1,0,0,0,0,nouns,,,,no,28
item_46,English (American),WS,word,animals,puppy,puppy,puppy,1,0,0,0,0,nouns,,,,no,22
item_47,English (American),WS,word,animals,rooster,rooster,rooster,1,0,0,0,0,nouns,,,,no,28
item_48,English (American),WS,word,animals,sheep,sheep,sheep,1,0,0,0,0,nouns,,,,no,24
item_49,English (American),WS,word,animals,squirrel,squirrel,squirrel,1,0,0,0,0,nouns,,,,no,26
item_50,English (American),WS,word,animals,teddybear,teddybear,teddybear,1,0,0,0,0,nouns,,,,no,24
item_51,English (American),WS,word,animals,tiger,tiger,tiger,1,0,0,0,0,nouns,,,,no,24
item_52,English (American),WS,word,animals,turkey,turkey,turkey,1,0,0,0,0,nouns,,,,no,28
item_53,English (American),WS,word,animals,turtle,turtle,turtle,1,0,0,0,0,nouns,,,,no,23
item_54,English (American),WS,word,animals,wolf,wolf,wolf,1,0,0,0,0,nouns,,,,no,29
item_55,English (American),WS,word,animals,zebra,zebra,zebra,1,0,0,0,0,nouns,,,,no,26
item_56,English (American),WS,word,vehicles,airplane,airplane,airplane,0,0,1,0,0,nouns,,,,no,21
item_57,English (American),WS,word,vehicles,bicycle,bicycle,bicycle,0,0,1,0,0,nouns,,,,no,23
item_58,English (American),WS,word,vehicles,boat,boat,boat,0,0,1,0,0,nouns,,,,no,22
item_59,English (American),WS,word,vehicles,bus,bus,bus,0,0,1,0,0,nouns,,,,no,22
item_60,English (American),WS,word,vehicles,car,car,car,0,0,1,0,0,nouns,,,,no,18
item_61,English (American),WS,word,vehicles,firetruck,firetruck,firetruck,0,0,1,0,0,nouns,,,,no,25
item_62,English (American),WS,word,vehicles,helicopter,helicopter,helicopter,0,0,1,0,0,nouns,,,,no,26
item_63,English (American),WS,word,vehicles,motorcycle,motorcycle,motorcycle,0,0,1,0,0,nouns,,,,no,26
item_64,English (American),WS,word,vehicles,sled,sled,sled,0,0,1,0,0,nouns,,,,no,
item_65,English (American),WS,word,vehicles,stroller,stroller,stroller,0,0,1,0,0,nouns,,,,no,25
item_66,English (American),WS,word,vehicles,tractor,tractor,tractor,0,0,1,0,0,nouns,,,,no,26
item_67,English (American),WS,word,vehicles,train,train,train,0,0,1,0,0,nouns,,,,no,22
item_68,English (American),WS,word,vehicles,tricycle,tricycle,tricycle,0,0,1,0,0,nouns,,,,no,30
item_69,English (American),WS,word,vehicles,truck,truck,truck,0,0,1,0,0,nouns,,,,no,20
item_70,English (American),WS,word,toys,ball,ball,ball,0,1,0,0,0,nouns,,,,no,
item_71,English (American),WS,word,toys,balloon,balloon,balloon,0,1,0,0,0,nouns,,,,no,19
item_72,English (American),WS,word,toys,bat,bat,bat,1,0,0,0,0,nouns,,,,no,27
item_73,English (American),WS,word,toys,block,block,blocks,0,1,0,0,0,nouns,,,,no,23
item_74,English (American),WS,word,toys,book,book,book,0,1,0,0,0,nouns,,,,no,
item_75,English (American),WS,word,toys,bubbles,bubbles,bubbles,0,0,0,0,0,nouns,,,,no,19
item_76,English (American),WS,word,toys,chalk,chalk,chalk,0,1,0,0,0,nouns,,,,no,27
item_77,English (American),WS,word,toys,crayon,crayon,crayon,0,1,0,0,0,nouns,,,,no,24
item_78,English (American),WS,word,toys,doll,doll,doll,0,1,0,0,0,nouns,,,,no,23
item_79,English (American),WS,word,toys,game,game,game,0,0,0,0,0,nouns,,,,no,27
item_80,English (American),WS,word,toys,glue,glue,glue,0,1,0,0,0,nouns,,,,no,29
item_81,English (American),WS,word,toys,pen,pen,pen,0,1,0,0,0,nouns,,,,no,25
item_82,English (American),WS,word,toys,pencil,pencil,pencil,0,1,0,0,0,nouns,,,,no,26
item_84,English (American),WS,word,toys,present,present,present,0,1,0,0,0,nouns,,,,no,26
item_85,English (American),WS,word,toys,puzzle,puzzle,puzzle,0,1,0,0,0,nouns,,,,no,25
item_86,English (American),WS,word,toys,story,story,story,0,0,0,0,0,nouns,,,,no,25
item_87,English (American),WS,word,toys,toy,toy,toy,0,1,0,0,0,nouns,,object,,no,22
item_88,English (American),WS,word,food_drink,apple,apple,apple,0,1,0,0,0,nouns,,,,no,19
item_89,English (American),WS,word,food_drink,applesauce,applesauce,applesauce,0,1,0,0,0,nouns,,,,no,26
item_90,English (American),WS,word,food_drink,banana,banana,banana,0,1,0,0,0,nouns,,,,no,17
item_91,English (American),WS,word,food_drink,beans,beans,beans,0,1,0,0,0,nouns,,,,no,26
item_92,English (American),WS,word,food_drink,bread,bread,bread,0,1,0,0,0,nouns,,,,no,23
item_93,English (American),WS,word,food_drink,butter,butter,butter,0,1,0,0,0,nouns,,,,no,26
item_94,English (American),WS,word,food_drink,cake,cake,cake,0,1,0,0,0,nouns,,,,no,23
item_95,English (American),WS,word,food_drink,candy,candy,candy,0,1,0,0,0,nouns,,,,no,24
item_96,English (American),WS,word,food_drink,carrots,carrots,carrot,0,1,0,0,0,nouns,,,,no,24
item_97,English (American),WS,word,food_drink,cereal,cereal,cereal,0,1,0,0,0,nouns,,,,no,23
item_98,English (American),WS,word,food_drink,cheerios,cheerios,cheerios,0,1,0,0,0,nouns,,,,no,25
item_99,English (American),WS,word,food_drink,cheese,cheese,cheese,0,1,0,0,0,nouns,,,,no,19